{
    "extension": "../SitePassword/src",
    "benchmarks": {
        "crashes": [],
        "cs: got AST": 0.29717712599999996,
        "cs: AST": 0.015138818999999915,
        "cs: CFG": 0.003239442000000037,
        "cs: PDG": 0.06300846000000004,
        "bp: got AST": 0.19706565499999995,
        "bp: AST": 0.05287798499999996,
        "bp: CFG": 0.010522122999999994,
        "bp: PDG": 1.2421796349999998,
        "collected messages": 0.013901339000000235,
        "linked messages": 0.14175223500000023,
        "cs: dangers & from WA": 0.006096855000000012,
        "bp: dangers & from WA": 0.02439991900000038,
        "cs: got vulnerabilities": 9.358000000236899e-06,
        "bp: got vulnerabilities": 2.9609999998569947e-06
    },
    "cs": {
        "direct_dangers": {},
        "indirect_dangers": {},
        "exfiltration_dangers": {}
    },
    "bp": {
        "direct_dangers": {},
        "indirect_dangers": {},
        "exfiltration_dangers": {}
    }
}